{"MAE": 42.9426776695513, "RMSE": 42.954369896122564}