{"MAE": 74.1110382949917, "RMSE": 74.11786412963633}