{"MAE": 50.108099524145196, "RMSE": 50.11812213181293}