{"MAE": 120.18031451639578, "RMSE": 120.18452001567738}