{"MAE": 10.089604588181357, "RMSE": 10.139075360057841}