{"MAE": 136.73621940486797, "RMSE": 136.73984916813544}